user_id,activity_id,position
100,1,Web Developer
101,2,Data Scientist
102,3,Data Engineer
103,4,Data Analytic
104,5,Web Developer
105,6,Full Stack Developer
106,7,Web Developer
107,8,Software Developer
108,9,DevOps Developer
109,10,Web Developer
100,11,Data Scientist
101,12,DevOps Developer
102,13,Back-end Developer
103,14,Software Engineer
104,15,Front-end Developer
105,16,Software Architect
106,17,DevOps Developer
107,18,Back-end Developer
108,19,Front-end Developer
109,20,Database Developer
100,21,Software Architect
101,22,Data Scientist
102,23,Database Administrator
103,24,Data Scientist
104,25,Back-end Developer
105,26,DevOps Developer
106,27,Software Engineer
107,28,Data Engineer
108,29,Database Developer
109,30,Data Scientist
100,31,Data Engineer
101,32,Web Developer
102,33,Database Developer
103,34,Software Engineer
104,35,System Engineer
105,36,Software Developer
106,37,Web Developer
107,38,Data Scientist
108,39,Web Developer
109,40,Data Scientist
100,41,Back-end Developer
101,42,System Engineer
102,43,Database Administrator
103,44,Database Administrator
104,45,Data Analytic
105,46,DevOps Developer
106,47,Data Analytic
107,48,Software Engineer
108,49,Database Developer
109,50,Software Engineer
100,51,DevOps Developer
101,52,Software Engineer
102,53,System Engineer
103,54,Full Stack Developer
104,55,Software Engineer
105,56,DevOps Developer
106,57,Database Administrator
107,58,System Engineer
108,59,Data Analytic
109,60,Back-end Developer
110,61,Software Developer
111,62,Front-end Developer
112,63,Data Analytic
113,64,Data Engineer
114,65,DevOps Developer
115,66,Front-end Developer
116,67,Database Administrator
117,68,Database Administrator
118,69,Database Developer
119,70,Database Administrator
110,71,Full Stack Developer
111,72,Data Engineer
112,73,DevOps Developer
113,74,DevOps Developer
114,75,Database Developer
115,76,Front-end Developer
116,77,Front-end Developer
117,78,Software Engineer
118,79,Web Developer
119,80,Full Stack Developer
120,81,Front-end Developer
121,82,DevOps Developer
122,83,Software Architect
123,84,Web Developer
124,85,Back-end Developer
125,86,Data Analytic
126,87,Web Developer
127,88,Front-end Developer
128,89,DevOps Developer
129,90,Web Developer
120,91,Database Developer
121,92,DevOps Developer
122,93,Data Analytic
123,94,Software Architect
124,95,Front-end Developer
125,96,Data Analytic
126,97,Data Scientist
127,98,Database Developer
128,99,Software Developer
129,100,System Engineer
120,101,Software Architect
121,102,Software Developer
122,103,Full Stack Developer
123,104,Software Architect
124,105,Full Stack Developer
125,106,Software Developer
126,107,System Engineer
127,108,Database Developer
128,109,Data Analytic
129,110,Software Engineer
120,111,Database Developer
121,112,Web Developer
122,113,Software Developer
123,114,Front-end Developer
124,115,Database Administrator
125,116,Software Engineer
126,117,Database Administrator
127,118,Data Analytic
128,119,Database Developer
129,120,Web Developer
120,121,Web Developer
121,122,Data Analytic
122,123,System Engineer
123,124,System Engineer
124,125,Database Administrator
125,126,Software Architect
126,127,DevOps Developer
127,128,Software Architect
128,129,Software Developer
129,130,Software Engineer
120,131,Database Developer
121,132,Web Developer
122,133,Data Analytic
123,134,Software Developer
124,135,System Engineer
125,136,Full Stack Developer
126,137,Database Developer
127,138,DevOps Developer
128,139,Software Developer
129,140,Software Architect
130,141,Database Administrator
131,142,Data Analytic
132,143,Data Engineer
133,144,Front-end Developer
134,145,Data Analytic
135,146,Data Analytic
136,147,Web Developer
137,148,Software Engineer
138,149,Software Engineer
139,150,Software Architect
130,151,Front-end Developer
131,152,Data Analytic
132,153,Front-end Developer
133,154,Full Stack Developer
134,155,Database Administrator
135,156,System Engineer
136,157,Software Engineer
137,158,Database Administrator
138,159,Data Engineer
139,160,Database Developer
130,161,DevOps Developer
131,162,DevOps Developer
132,163,Software Developer
133,164,DevOps Developer
134,165,Back-end Developer
135,166,DevOps Developer
136,167,Data Analytic
137,168,Software Architect
138,169,Back-end Developer
139,170,Data Analytic
140,171,Software Developer
141,172,System Engineer
142,173,Front-end Developer
143,174,DevOps Developer
144,175,Software Architect
145,176,Data Engineer
146,177,Data Analytic
147,178,Data Scientist
148,179,Data Analytic
149,180,Software Engineer
140,181,Data Analytic
141,182,Database Developer
142,183,Software Engineer
143,184,Software Engineer
144,185,Front-end Developer
145,186,Software Engineer
146,187,Software Architect
147,188,Database Developer
148,189,Software Developer
149,190,Data Analytic
140,191,Database Developer
141,192,System Engineer
142,193,Database Developer
143,194,Front-end Developer
144,195,System Engineer
145,196,Database Administrator
146,197,Front-end Developer
147,198,Data Scientist
148,199,System Engineer
149,200,Software Engineer
140,201,Data Scientist
141,202,Software Engineer
142,203,Software Engineer
143,204,Back-end Developer
144,205,Back-end Developer
145,206,Web Developer
146,207,System Engineer
147,208,Software Architect
148,209,Software Developer
149,210,Full Stack Developer
140,211,Data Engineer
141,212,Data Engineer
142,213,Full Stack Developer
143,214,Software Developer
144,215,Data Scientist
145,216,Software Engineer
146,217,Data Scientist
147,218,Data Analytic
148,219,Web Developer
149,220,Database Administrator
140,221,Software Architect
141,222,Data Analytic
142,223,Web Developer
143,224,Full Stack Developer
144,225,Data Engineer
145,226,DevOps Developer
146,227,Database Developer
147,228,Software Architect
148,229,Back-end Developer
149,230,Front-end Developer
150,231,Full Stack Developer
151,232,Front-end Developer
152,233,Web Developer
153,234,Web Developer
154,235,Software Engineer
155,236,DevOps Developer
156,237,Data Engineer
157,238,Software Developer
158,239,DevOps Developer
159,240,Data Engineer
150,241,Database Administrator
151,242,System Engineer
152,243,Back-end Developer
153,244,DevOps Developer
154,245,Front-end Developer
155,246,Data Scientist
156,247,Web Developer
157,248,Database Administrator
158,249,System Engineer
159,250,Software Developer
150,251,Software Architect
151,252,DevOps Developer
152,253,Full Stack Developer
153,254,Data Analytic
154,255,Software Engineer
155,256,Data Analytic
156,257,Data Engineer
157,258,Front-end Developer
158,259,Software Engineer
159,260,System Engineer
160,261,Software Engineer
161,262,Software Developer
162,263,DevOps Developer
163,264,Data Scientist
164,265,Data Analytic
165,266,Database Developer
166,267,Data Scientist
167,268,Data Engineer
168,269,Database Administrator
169,270,Database Administrator
160,271,Database Administrator
161,272,Software Architect
162,273,Data Scientist
163,274,System Engineer
164,275,Software Architect
165,276,Software Developer
166,277,Software Architect
167,278,Software Engineer
168,279,Software Architect
169,280,System Engineer
160,281,Front-end Developer
161,282,Database Developer
162,283,Database Administrator
163,284,Software Engineer
164,285,Software Engineer
165,286,DevOps Developer
166,287,Data Analytic
167,288,Software Architect
168,289,Database Administrator
169,290,Database Administrator
160,291,System Engineer
161,292,Front-end Developer
162,293,Software Engineer
163,294,Software Architect
164,295,Full Stack Developer
165,296,Software Architect
166,297,Data Analytic
167,298,Database Developer
168,299,Database Administrator
169,300,Data Engineer
170,301,Back-end Developer
171,302,Software Architect
172,303,Data Analytic
173,304,Database Administrator
174,305,DevOps Developer
175,306,Back-end Developer
176,307,Database Developer
177,308,DevOps Developer
178,309,Database Administrator
179,310,Software Engineer
170,311,Web Developer
171,312,Back-end Developer
172,313,Data Analytic
173,314,Data Engineer
174,315,Database Developer
175,316,Database Administrator
176,317,System Engineer
177,318,Software Engineer
178,319,DevOps Developer
179,320,DevOps Developer
170,321,Software Architect
171,322,System Engineer
172,323,Database Developer
173,324,System Engineer
174,325,Front-end Developer
175,326,Data Scientist
176,327,Data Analytic
177,328,System Engineer
178,329,Database Developer
179,330,Software Developer
180,331,DevOps Developer
181,332,Software Engineer
182,333,Data Analytic
183,334,Software Architect
184,335,Software Architect
185,336,DevOps Developer
186,337,Front-end Developer
187,338,Software Developer
188,339,Software Developer
189,340,Database Developer
180,341,Data Analytic
181,342,DevOps Developer
182,343,Database Administrator
183,344,Data Scientist
184,345,Software Developer
185,346,Software Architect
186,347,Back-end Developer
187,348,Full Stack Developer
188,349,Software Engineer
189,350,Software Developer
180,351,Data Scientist
181,352,Software Architect
182,353,Web Developer
183,354,Full Stack Developer
184,355,Back-end Developer
185,356,Software Engineer
186,357,Data Analytic
187,358,Data Analytic
188,359,Software Developer
189,360,System Engineer
180,361,Database Administrator
181,362,DevOps Developer
182,363,Full Stack Developer
183,364,Database Administrator
184,365,Software Developer
185,366,Web Developer
186,367,Front-end Developer
187,368,Database Administrator
188,369,Data Scientist
189,370,Software Engineer
180,371,Back-end Developer
181,372,Database Developer
182,373,Back-end Developer
183,374,System Engineer
184,375,Database Administrator
185,376,Back-end Developer
186,377,Full Stack Developer
187,378,Data Engineer
188,379,Database Developer
189,380,Database Administrator
180,381,Data Analytic
181,382,Software Architect
182,383,Web Developer
183,384,Web Developer
184,385,Data Scientist
185,386,Front-end Developer
186,387,Database Administrator
187,388,System Engineer
188,389,System Engineer
189,390,Data Scientist
100,391,Front-end Developer
101,392,Front-end Developer
102,393,System Engineer
103,394,Front-end Developer
104,395,Front-end Developer
105,396,Back-end Developer
106,397,Database Developer
107,398,DevOps Developer
108,399,Back-end Developer
109,400,Data Analytic
100,401,Full Stack Developer
101,402,Data Engineer
102,403,DevOps Developer
103,404,Database Developer
104,405,Software Architect
105,406,DevOps Developer
106,407,Front-end Developer
107,408,Back-end Developer
108,409,Full Stack Developer
109,410,DevOps Developer
100,411,Full Stack Developer
101,412,Front-end Developer
102,413,Software Architect
103,414,DevOps Developer
104,415,System Engineer
105,416,Database Developer
106,417,Back-end Developer
107,418,System Engineer
108,419,Full Stack Developer
109,420,DevOps Developer
100,421,Back-end Developer
101,422,Data Engineer
102,423,Data Engineer
103,424,Full Stack Developer
104,425,System Engineer
105,426,System Engineer
106,427,Back-end Developer
107,428,Web Developer
108,429,Database Developer
109,430,Data Analytic
110,431,Software Architect
111,432,System Engineer
112,433,Back-end Developer
113,434,Back-end Developer
114,435,Software Developer
115,436,Database Administrator
116,437,Front-end Developer
117,438,DevOps Developer
118,439,Software Developer
119,440,System Engineer
110,441,Software Engineer
111,442,Data Analytic
112,443,Software Engineer
113,444,Back-end Developer
114,445,Data Engineer
115,446,Front-end Developer
116,447,Software Developer
117,448,Web Developer
118,449,Database Administrator
119,450,Front-end Developer
110,451,Data Engineer
111,452,Database Developer
112,453,Full Stack Developer
113,454,Database Developer
114,455,Database Administrator
115,456,Data Scientist
116,457,Full Stack Developer
117,458,Database Administrator
118,459,Software Engineer
119,460,Database Developer
110,461,Data Engineer
111,462,Back-end Developer
112,463,Software Architect
113,464,Front-end Developer
114,465,Database Administrator
115,466,System Engineer
116,467,Web Developer
117,468,Software Engineer
118,469,Software Engineer
119,470,Software Developer
110,471,Data Engineer
111,472,Web Developer
112,473,Data Scientist
113,474,DevOps Developer
114,475,Database Developer
115,476,Full Stack Developer
116,477,Full Stack Developer
117,478,Software Architect
118,479,Software Architect
119,480,DevOps Developer
110,481,Database Administrator
111,482,Database Administrator
112,483,Software Architect
113,484,Data Analytic
114,485,Database Administrator
115,486,Back-end Developer
116,487,Web Developer
117,488,Back-end Developer
118,489,Back-end Developer
119,490,System Engineer
120,491,Web Developer
121,492,Database Administrator
122,493,Full Stack Developer
123,494,Full Stack Developer
124,495,System Engineer
125,496,Database Developer
126,497,Database Administrator
127,498,Software Developer
128,499,Database Developer
129,500,Web Developer
120,501,Data Engineer
121,502,Database Developer
122,503,DevOps Developer
123,504,DevOps Developer
124,505,Data Engineer
125,506,Database Administrator
126,507,Data Scientist
127,508,Web Developer
128,509,Software Architect
129,510,DevOps Developer
130,511,Database Administrator
131,512,System Engineer
132,513,Data Engineer
133,514,Software Engineer
134,515,Data Scientist
135,516,Software Developer
136,517,Data Analytic
137,518,Data Scientist
138,519,DevOps Developer
139,520,Software Architect
130,521,System Engineer
131,522,Data Scientist
132,523,Data Analytic
133,524,Data Analytic
134,525,DevOps Developer
135,526,Software Developer
136,527,Database Developer
137,528,Data Engineer
138,529,Back-end Developer
139,530,Web Developer
130,531,Data Engineer
131,532,DevOps Developer
132,533,Data Scientist
133,534,System Engineer
134,535,DevOps Developer
135,536,Data Scientist
136,537,Full Stack Developer
137,538,System Engineer
138,539,Front-end Developer
139,540,Front-end Developer
140,541,Full Stack Developer
141,542,Software Developer
142,543,Data Scientist
143,544,Back-end Developer
144,545,Front-end Developer
145,546,Database Administrator
146,547,Database Administrator
147,548,Full Stack Developer
148,549,Web Developer
149,550,Database Developer
140,551,Software Developer
141,552,Front-end Developer
142,553,Data Engineer
143,554,Software Engineer
144,555,Database Developer
145,556,Full Stack Developer
146,557,System Engineer
147,558,Back-end Developer
148,559,DevOps Developer
149,560,Data Scientist
150,561,Data Engineer
151,562,Software Architect
152,563,Software Engineer
153,564,DevOps Developer
154,565,Data Analytic
155,566,Database Developer
156,567,System Engineer
157,568,DevOps Developer
158,569,Back-end Developer
159,570,Software Engineer
150,571,Database Administrator
151,572,Software Engineer
152,573,Data Engineer
153,574,Front-end Developer
154,575,DevOps Developer
155,576,Data Engineer
156,577,Back-end Developer
157,578,DevOps Developer
158,579,System Engineer
159,580,DevOps Developer
150,581,Front-end Developer
151,582,Database Administrator
152,583,Database Developer
153,584,Software Architect
154,585,Database Developer
155,586,Data Analytic
156,587,Database Developer
157,588,Front-end Developer
158,589,Database Administrator
159,590,DevOps Developer
160,591,Software Engineer
161,592,Software Architect
162,593,Data Analytic
163,594,Software Architect
164,595,Data Scientist
165,596,Data Scientist
166,597,Software Engineer
167,598,Software Developer
168,599,Software Engineer
169,600,Software Engineer
160,601,Data Engineer
161,602,DevOps Developer
162,603,Back-end Developer
163,604,Data Analytic
164,605,Front-end Developer
165,606,Database Developer
166,607,Web Developer
167,608,Software Engineer
168,609,DevOps Developer
169,610,System Engineer
160,611,Data Analytic
161,612,Front-end Developer
162,613,System Engineer
163,614,Full Stack Developer
164,615,Software Engineer
165,616,Data Scientist
166,617,Software Engineer
167,618,Data Engineer
168,619,Front-end Developer
169,620,Data Analytic
170,621,DevOps Developer
171,622,Front-end Developer
172,623,Software Developer
173,624,Data Analytic
174,625,DevOps Developer
175,626,Database Administrator
176,627,System Engineer
177,628,Data Scientist
178,629,Database Developer
179,630,Database Developer
170,631,Software Engineer
171,632,Back-end Developer
172,633,Data Analytic
173,634,Database Administrator
174,635,Software Architect
175,636,Front-end Developer
176,637,Front-end Developer
177,638,Data Analytic
178,639,Software Developer
179,640,Software Developer
170,641,Data Scientist
171,642,DevOps Developer
172,643,DevOps Developer
173,644,Full Stack Developer
174,645,DevOps Developer
175,646,Database Administrator
176,647,Database Administrator
177,648,Software Architect
178,649,Full Stack Developer
179,650,Data Scientist
180,651,Data Scientist
181,652,Database Administrator
182,653,Data Scientist
183,654,Web Developer
184,655,Full Stack Developer
185,656,Database Developer
186,657,Data Engineer
187,658,Front-end Developer
188,659,System Engineer
189,660,Back-end Developer
180,661,Database Developer
181,662,Web Developer
182,663,Software Engineer
183,664,Software Developer
184,665,Database Developer
185,666,Data Engineer
186,667,Full Stack Developer
187,668,Database Developer
188,669,Data Analytic
189,670,Database Administrator
180,671,Software Developer
181,672,System Engineer
182,673,Web Developer
183,674,Software Engineer
184,675,Web Developer
185,676,Data Engineer
186,677,Database Administrator
187,678,Full Stack Developer
188,679,Full Stack Developer
189,680,Full Stack Developer
100,681,System Engineer
101,682,Data Analytic
102,683,Database Administrator
103,684,Front-end Developer
104,685,Database Administrator
105,686,Web Developer
106,687,Back-end Developer
107,688,DevOps Developer
108,689,Full Stack Developer
109,690,Software Developer
100,691,Full Stack Developer
101,692,Web Developer
102,693,System Engineer
103,694,DevOps Developer
104,695,Data Scientist
105,696,Data Engineer
106,697,Data Engineer
107,698,Database Administrator
108,699,Data Scientist
109,700,Front-end Developer
100,701,Back-end Developer
101,702,Software Developer
102,703,Software Architect
103,704,Software Architect
104,705,Database Developer
105,706,Software Architect
106,707,Database Developer
107,708,Back-end Developer
108,709,Software Architect
109,710,Software Developer
100,711,Database Administrator
101,712,Back-end Developer
102,713,Data Analytic
103,714,Software Architect
104,715,Software Architect
105,716,DevOps Developer
106,717,Front-end Developer
107,718,Software Architect
108,719,Data Engineer
109,720,Data Analytic
100,721,Full Stack Developer
101,722,Software Engineer
102,723,Data Scientist
103,724,DevOps Developer
104,725,Front-end Developer
105,726,Back-end Developer
106,727,DevOps Developer
107,728,Back-end Developer
108,729,Software Developer
109,730,Full Stack Developer
110,731,Web Developer
111,732,Software Developer
112,733,Front-end Developer
113,734,Data Analytic
114,735,Front-end Developer
115,736,Software Developer
116,737,Full Stack Developer
117,738,Front-end Developer
118,739,Data Scientist
119,740,Back-end Developer
110,741,Back-end Developer
111,742,Full Stack Developer
112,743,Data Scientist
113,744,Software Architect
114,745,Front-end Developer
115,746,Software Engineer
116,747,Back-end Developer
117,748,Front-end Developer
118,749,Software Engineer
119,750,Web Developer
110,751,Data Engineer
111,752,Software Engineer
112,753,Data Scientist
113,754,System Engineer
114,755,Web Developer
115,756,Software Engineer
116,757,Software Engineer
117,758,Software Developer
118,759,Database Developer
119,760,Software Developer
110,761,Software Engineer
111,762,Software Architect
112,763,DevOps Developer
113,764,Data Scientist
114,765,Web Developer
115,766,Software Developer
116,767,DevOps Developer
117,768,Software Developer
118,769,Software Engineer
119,770,Back-end Developer
120,771,Software Engineer
121,772,Web Developer
122,773,Software Engineer
123,774,Software Developer
124,775,Database Administrator
125,776,Database Developer
126,777,Data Engineer
127,778,Data Engineer
128,779,Front-end Developer
129,780,Data Scientist
120,781,DevOps Developer
121,782,Data Analytic
122,783,Software Developer
123,784,Web Developer
124,785,Web Developer
125,786,Data Scientist
126,787,Front-end Developer
127,788,Full Stack Developer
128,789,Data Engineer
129,790,System Engineer
120,791,Software Developer
121,792,Web Developer
122,793,Back-end Developer
123,794,Data Analytic
124,795,Software Engineer
125,796,Data Scientist
126,797,Software Developer
127,798,DevOps Developer
128,799,DevOps Developer
129,800,Data Scientist
120,801,Database Administrator
121,802,Data Scientist
122,803,Software Engineer
123,804,Database Developer
124,805,Software Engineer
125,806,Database Administrator
126,807,DevOps Developer
127,808,Data Analytic
128,809,System Engineer
129,810,Data Engineer
120,811,DevOps Developer
121,812,System Engineer
122,813,Software Architect
123,814,Data Engineer
124,815,Data Engineer
125,816,System Engineer
126,817,System Engineer
127,818,System Engineer
128,819,Back-end Developer
129,820,Software Developer
130,821,System Engineer
131,822,Software Architect
132,823,DevOps Developer
133,824,Software Developer
134,825,DevOps Developer
135,826,DevOps Developer
136,827,Back-end Developer
137,828,Data Engineer
138,829,Software Developer
139,830,Database Administrator
130,831,Back-end Developer
131,832,Software Engineer
132,833,Data Scientist
133,834,Software Architect
134,835,Web Developer
135,836,Software Architect
136,837,Full Stack Developer
137,838,Front-end Developer
138,839,Database Developer
139,840,Software Engineer
130,841,Back-end Developer
131,842,Web Developer
132,843,System Engineer
133,844,Data Engineer
134,845,System Engineer
135,846,Data Engineer
136,847,Data Scientist
137,848,Data Analytic
138,849,Full Stack Developer
139,850,Web Developer
130,851,Software Engineer
131,852,System Engineer
132,853,Data Scientist
133,854,Database Developer
134,855,Database Developer
135,856,Web Developer
136,857,DevOps Developer
137,858,Data Scientist
138,859,DevOps Developer
139,860,Back-end Developer
130,861,Full Stack Developer
131,862,Back-end Developer
132,863,Data Analytic
133,864,Web Developer
134,865,DevOps Developer
135,866,Software Engineer
136,867,Data Scientist
137,868,Front-end Developer
138,869,Data Engineer
139,870,System Engineer
140,871,Data Engineer
141,872,Data Scientist
142,873,Software Developer
143,874,Data Engineer
144,875,Software Engineer
145,876,Data Analytic
146,877,Data Engineer
147,878,System Engineer
148,879,Software Engineer
149,880,Software Engineer
140,881,Full Stack Developer
141,882,Back-end Developer
142,883,Front-end Developer
143,884,Software Developer
144,885,DevOps Developer
145,886,Software Developer
146,887,Software Engineer
147,888,Front-end Developer
148,889,Software Developer
149,890,DevOps Developer
140,891,Software Engineer
141,892,System Engineer
142,893,Data Engineer
143,894,Web Developer
144,895,Data Scientist
145,896,Data Engineer
146,897,Database Developer
147,898,Back-end Developer
148,899,Front-end Developer
149,900,Data Scientist
140,901,Software Developer
141,902,Front-end Developer
142,903,Full Stack Developer
143,904,Front-end Developer
144,905,Front-end Developer
145,906,Database Developer
146,907,DevOps Developer
147,908,Software Architect
148,909,Web Developer
149,910,Web Developer
140,911,Software Developer
141,912,Back-end Developer
142,913,Software Developer
143,914,Database Developer
144,915,DevOps Developer
145,916,Data Scientist
146,917,Software Developer
147,918,Software Engineer
148,919,Database Developer
149,920,Web Developer
140,921,Web Developer
141,922,Full Stack Developer
142,923,Back-end Developer
143,924,Software Architect
144,925,System Engineer
145,926,Data Analytic
146,927,Database Administrator
147,928,Data Scientist
148,929,DevOps Developer
149,930,Database Developer
150,931,Database Administrator
151,932,Full Stack Developer
152,933,Data Engineer
153,934,Data Engineer
154,935,Database Developer
155,936,System Engineer
156,937,Data Analytic
157,938,Full Stack Developer
158,939,Full Stack Developer
159,940,Software Architect
150,941,Front-end Developer
151,942,Data Scientist
152,943,System Engineer
153,944,Web Developer
154,945,Back-end Developer
155,946,Full Stack Developer
156,947,Data Scientist
157,948,Software Engineer
158,949,Software Developer
159,950,Full Stack Developer
150,951,Database Administrator
151,952,System Engineer
152,953,Full Stack Developer
153,954,Data Scientist
154,955,Data Scientist
155,956,Front-end Developer
156,957,Data Engineer
157,958,Data Analytic
158,959,Data Analytic
159,960,Database Developer
150,961,DevOps Developer
151,962,Back-end Developer
152,963,Data Scientist
153,964,Database Administrator
154,965,Database Administrator
155,966,Database Administrator
156,967,Software Engineer
157,968,System Engineer
158,969,Web Developer
159,970,Database Administrator
160,971,Database Administrator
161,972,Web Developer
162,973,Back-end Developer
163,974,Database Administrator
164,975,Data Engineer
165,976,Front-end Developer
166,977,Web Developer
167,978,DevOps Developer
168,979,DevOps Developer
169,980,Back-end Developer
160,981,System Engineer
161,982,Web Developer
162,983,DevOps Developer
163,984,Software Architect
164,985,Database Administrator
165,986,Data Engineer
166,987,System Engineer
167,988,System Engineer
168,989,DevOps Developer
169,990,System Engineer
160,991,Front-end Developer
161,992,Full Stack Developer
162,993,Data Engineer
163,994,Database Developer
164,995,Software Developer
165,996,Data Analytic
166,997,Software Engineer
167,998,Data Scientist
168,999,System Engineer
169,1000,Full Stack Developer
160,1001,Software Architect
161,1002,Software Engineer
162,1003,Software Architect
163,1004,Back-end Developer
164,1005,Data Scientist
165,1006,DevOps Developer
166,1007,Web Developer
167,1008,Database Developer
168,1009,Front-end Developer
169,1010,Data Analytic
170,1011,DevOps Developer
171,1012,Web Developer
172,1013,Database Developer
173,1014,Software Developer
174,1015,Software Engineer
175,1016,Back-end Developer
176,1017,Database Developer
177,1018,System Engineer
178,1019,Data Scientist
179,1020,Software Developer
170,1021,Front-end Developer
171,1022,Full Stack Developer
172,1023,Front-end Developer
173,1024,Software Developer
174,1025,DevOps Developer
175,1026,Database Administrator
176,1027,Database Developer
177,1028,Database Administrator
178,1029,Back-end Developer
179,1030,Database Administrator
170,1031,Software Architect
171,1032,System Engineer
172,1033,Back-end Developer
173,1034,Front-end Developer
174,1035,Software Developer
175,1036,Software Architect
176,1037,Software Architect
177,1038,System Engineer
178,1039,System Engineer
179,1040,Full Stack Developer
170,1041,System Engineer
171,1042,Database Administrator
172,1043,Database Administrator
173,1044,Software Architect
174,1045,Software Developer
175,1046,Full Stack Developer
176,1047,Front-end Developer
177,1048,Web Developer
178,1049,Database Developer
179,1050,Back-end Developer
170,1051,Data Analytic
171,1052,Software Engineer
172,1053,Back-end Developer
173,1054,Software Architect
174,1055,DevOps Developer
175,1056,Full Stack Developer
176,1057,System Engineer
177,1058,Front-end Developer
178,1059,Data Scientist
179,1060,Data Engineer
180,1061,Data Scientist
181,1062,Back-end Developer
182,1063,Web Developer
183,1064,DevOps Developer
184,1065,Database Developer
185,1066,Database Administrator
186,1067,Data Scientist
187,1068,Data Analytic
188,1069,Database Administrator
189,1070,Front-end Developer
180,1071,System Engineer
181,1072,Front-end Developer
182,1073,DevOps Developer
183,1074,Data Engineer
184,1075,System Engineer
185,1076,System Engineer
186,1077,Full Stack Developer
187,1078,Web Developer
188,1079,System Engineer
189,1080,Software Architect
180,1081,Full Stack Developer
181,1082,Software Developer
182,1083,Web Developer
183,1084,Database Developer
184,1085,Software Engineer
185,1086,DevOps Developer
186,1087,Software Architect
187,1088,Database Administrator
188,1089,Web Developer
189,1090,Front-end Developer
100,1091,Data Scientist
101,1092,Database Developer
102,1093,Database Administrator
103,1094,Web Developer
104,1095,Front-end Developer
105,1096,Database Developer
106,1097,Software Developer
107,1098,Software Architect
108,1099,Back-end Developer
109,1100,Database Administrator
100,1101,Software Architect
101,1102,Database Developer
102,1103,Data Engineer
103,1104,Data Analytic
104,1105,Software Architect
105,1106,Data Analytic
106,1107,Back-end Developer
107,1108,Front-end Developer
108,1109,Back-end Developer
109,1110,Data Engineer
110,1111,Data Analytic
111,1112,System Engineer
112,1113,Software Architect
113,1114,Full Stack Developer
114,1115,Database Developer
115,1116,Front-end Developer
116,1117,Data Scientist
117,1118,Back-end Developer
118,1119,Data Engineer
119,1120,Back-end Developer
110,1121,Database Administrator
111,1122,Web Developer
112,1123,Data Engineer
113,1124,DevOps Developer
114,1125,Database Administrator
115,1126,System Engineer
116,1127,Data Analytic
117,1128,Front-end Developer
118,1129,Data Scientist
119,1130,Web Developer
110,1131,Front-end Developer
111,1132,Data Analytic
112,1133,System Engineer
113,1134,DevOps Developer
114,1135,Data Engineer
115,1136,Data Engineer
116,1137,Front-end Developer
117,1138,DevOps Developer
118,1139,DevOps Developer
119,1140,System Engineer
110,1141,DevOps Developer
111,1142,Back-end Developer
112,1143,Data Scientist
113,1144,Software Developer
114,1145,Web Developer
115,1146,Software Engineer
116,1147,Data Engineer
117,1148,Data Scientist
118,1149,System Engineer
119,1150,Web Developer
110,1151,Software Engineer
111,1152,Data Engineer
112,1153,DevOps Developer
113,1154,Back-end Developer
114,1155,DevOps Developer
115,1156,Software Engineer
116,1157,Full Stack Developer
117,1158,Database Administrator
118,1159,Data Analytic
119,1160,Database Developer
120,1161,Software Developer
121,1162,Software Developer
122,1163,Web Developer
123,1164,Web Developer
124,1165,Database Administrator
125,1166,Back-end Developer
126,1167,Database Administrator
127,1168,Software Developer
128,1169,Database Administrator
129,1170,Software Architect
120,1171,Software Developer
121,1172,Software Engineer
122,1173,Front-end Developer
123,1174,Back-end Developer
124,1175,Software Engineer
125,1176,Database Administrator
126,1177,Web Developer
127,1178,Software Developer
128,1179,Data Scientist
129,1180,Data Engineer
130,1181,Back-end Developer
131,1182,DevOps Developer
132,1183,Database Administrator
133,1184,Software Engineer
134,1185,Software Architect
135,1186,Software Engineer
136,1187,Software Developer
137,1188,Database Administrator
138,1189,Software Developer
139,1190,Software Engineer
130,1191,Database Administrator
131,1192,Software Developer
132,1193,Data Scientist
133,1194,Data Analytic
134,1195,Full Stack Developer
135,1196,DevOps Developer
136,1197,Data Analytic
137,1198,Back-end Developer
138,1199,System Engineer
139,1200,Software Architect
130,1201,DevOps Developer
131,1202,Front-end Developer
132,1203,Back-end Developer
133,1204,Full Stack Developer
134,1205,Web Developer
135,1206,Back-end Developer
136,1207,Data Scientist
137,1208,Front-end Developer
138,1209,Software Engineer
139,1210,DevOps Developer
130,1211,Software Developer
131,1212,Database Administrator
132,1213,DevOps Developer
133,1214,Front-end Developer
134,1215,Full Stack Developer
135,1216,Database Developer
136,1217,Back-end Developer
137,1218,System Engineer
138,1219,Database Administrator
139,1220,Data Analytic
140,1221,Database Administrator
141,1222,System Engineer
142,1223,Data Analytic
143,1224,Full Stack Developer
144,1225,Software Architect
145,1226,Software Developer
146,1227,System Engineer
147,1228,Software Engineer
148,1229,Full Stack Developer
149,1230,Full Stack Developer
140,1231,Database Developer
141,1232,Software Architect
142,1233,Software Engineer
143,1234,Back-end Developer
144,1235,Software Engineer
145,1236,Front-end Developer
146,1237,Database Developer
147,1238,System Engineer
148,1239,Database Developer
149,1240,Software Developer
140,1241,Data Scientist
141,1242,Web Developer
142,1243,Data Engineer
143,1244,Software Developer
144,1245,System Engineer
145,1246,Data Analytic
146,1247,Software Engineer
147,1248,Software Developer
148,1249,Software Developer
149,1250,Full Stack Developer
140,1251,Software Developer
141,1252,Software Engineer
142,1253,Back-end Developer
143,1254,Software Developer
144,1255,DevOps Developer
145,1256,Back-end Developer
146,1257,Web Developer
147,1258,Software Developer
148,1259,Full Stack Developer
149,1260,Software Developer
140,1261,Software Developer
141,1262,Software Developer
142,1263,Database Administrator
143,1264,Data Engineer
144,1265,Front-end Developer
145,1266,Full Stack Developer
146,1267,Data Scientist
147,1268,Software Developer
148,1269,Full Stack Developer
149,1270,Data Scientist
150,1271,Software Developer
151,1272,Software Architect
152,1273,Back-end Developer
153,1274,Software Architect
154,1275,Back-end Developer
155,1276,Database Developer
156,1277,Data Scientist
157,1278,Back-end Developer
158,1279,Database Developer
159,1280,Data Engineer
150,1281,Data Analytic
151,1282,Database Developer
152,1283,Software Engineer
153,1284,Software Developer
154,1285,Software Engineer
155,1286,Data Engineer
156,1287,Data Engineer
157,1288,DevOps Developer
158,1289,Data Scientist
159,1290,DevOps Developer
150,1291,Database Administrator
151,1292,Database Developer
152,1293,Data Analytic
153,1294,System Engineer
154,1295,Data Scientist
155,1296,System Engineer
156,1297,Software Engineer
157,1298,Data Scientist
158,1299,Software Developer
159,1300,Web Developer
150,1301,System Engineer
151,1302,Data Engineer
152,1303,Back-end Developer
153,1304,Back-end Developer
154,1305,System Engineer
155,1306,Database Administrator
156,1307,Database Developer
157,1308,Database Developer
158,1309,Back-end Developer
159,1310,Data Analytic
160,1311,Full Stack Developer
161,1312,Database Developer
162,1313,Front-end Developer
163,1314,Data Engineer
164,1315,DevOps Developer
165,1316,Data Scientist
166,1317,Full Stack Developer
167,1318,Software Architect
168,1319,Data Scientist
169,1320,Web Developer
160,1321,Database Developer
161,1322,DevOps Developer
162,1323,Software Engineer
163,1324,Software Developer
164,1325,Full Stack Developer
165,1326,Software Engineer
166,1327,Data Engineer
167,1328,Database Developer
168,1329,Front-end Developer
169,1330,Software Developer
160,1331,Software Architect
161,1332,Database Developer
162,1333,Data Scientist
163,1334,Database Administrator
164,1335,Software Developer
165,1336,System Engineer
166,1337,Data Engineer
167,1338,Back-end Developer
168,1339,Software Architect
169,1340,DevOps Developer
160,1341,Data Scientist
161,1342,Web Developer
162,1343,DevOps Developer
163,1344,Data Scientist
164,1345,Full Stack Developer
165,1346,Front-end Developer
166,1347,System Engineer
167,1348,System Engineer
168,1349,Software Architect
169,1350,Data Scientist
160,1351,Data Analytic
161,1352,Web Developer
162,1353,Front-end Developer
163,1354,Data Analytic
164,1355,Database Developer
165,1356,Software Architect
166,1357,Software Developer
167,1358,DevOps Developer
168,1359,Data Engineer
169,1360,Data Analytic
160,1361,Software Developer
161,1362,Database Developer
162,1363,Web Developer
163,1364,Back-end Developer
164,1365,Software Architect
165,1366,Database Administrator
166,1367,Software Engineer
167,1368,Data Analytic
168,1369,DevOps Developer
169,1370,Data Scientist
170,1371,Database Developer
171,1372,Data Analytic
172,1373,Back-end Developer
173,1374,Software Developer
174,1375,Back-end Developer
175,1376,Data Analytic
176,1377,Software Architect
177,1378,System Engineer
178,1379,Software Developer
179,1380,Software Engineer
170,1381,Data Engineer
171,1382,Web Developer
172,1383,Database Administrator
173,1384,Data Engineer
174,1385,Software Architect
175,1386,Data Analytic
176,1387,Database Developer
177,1388,Software Developer
178,1389,Data Engineer
179,1390,Front-end Developer
170,1391,Back-end Developer
171,1392,Data Engineer
172,1393,Software Engineer
173,1394,System Engineer
174,1395,Full Stack Developer
175,1396,Front-end Developer
176,1397,Front-end Developer
177,1398,Web Developer
178,1399,Back-end Developer
179,1400,Web Developer
180,1401,Front-end Developer
181,1402,Software Architect
182,1403,Front-end Developer
183,1404,Software Architect
184,1405,Data Engineer
185,1406,Front-end Developer
186,1407,Data Engineer
187,1408,Software Developer
188,1409,Data Scientist
189,1410,Software Developer
180,1411,Database Developer
181,1412,Data Scientist
182,1413,DevOps Developer
183,1414,Database Administrator
184,1415,Software Engineer
185,1416,DevOps Developer
186,1417,Front-end Developer
187,1418,Data Analytic
188,1419,Software Developer
189,1420,Data Analytic
180,1421,Front-end Developer
181,1422,Data Analytic
182,1423,Back-end Developer
183,1424,Data Engineer
184,1425,Software Engineer
185,1426,Front-end Developer
186,1427,Back-end Developer
187,1428,System Engineer
188,1429,Full Stack Developer
189,1430,Front-end Developer
180,1431,Data Analytic
181,1432,Database Developer
182,1433,Database Administrator
183,1434,Web Developer
184,1435,Software Developer
185,1436,Data Engineer
186,1437,Software Developer
187,1438,Database Developer
188,1439,Back-end Developer
189,1440,Front-end Developer
180,1441,Data Analytic
181,1442,Full Stack Developer
182,1443,Database Administrator
183,1444,Software Architect
184,1445,Data Analytic
185,1446,Software Engineer
186,1447,Front-end Developer
187,1448,Software Architect
188,1449,Software Architect
189,1450,Data Scientist
100,1451,Software Architect
101,1452,Front-end Developer
102,1453,Front-end Developer
103,1454,Software Architect
104,1455,Software Engineer
105,1456,Full Stack Developer
106,1457,System Engineer
107,1458,Front-end Developer
108,1459,Web Developer
109,1460,Software Developer
100,1461,Data Scientist
101,1462,Web Developer
102,1463,Data Analytic
103,1464,Data Analytic
104,1465,Database Developer
105,1466,Data Scientist
106,1467,Database Developer
107,1468,System Engineer
108,1469,DevOps Developer
109,1470,DevOps Developer
100,1471,Data Analytic
101,1472,Front-end Developer
102,1473,Back-end Developer
103,1474,Back-end Developer
104,1475,Back-end Developer
105,1476,Software Engineer
106,1477,System Engineer
107,1478,Data Scientist
108,1479,Full Stack Developer
109,1480,Database Administrator
100,1481,System Engineer
101,1482,Front-end Developer
102,1483,Data Analytic
103,1484,Back-end Developer
104,1485,Data Analytic
105,1486,DevOps Developer
106,1487,Front-end Developer
107,1488,Database Developer
108,1489,Software Engineer
109,1490,Software Engineer
110,1491,Database Developer
111,1492,Web Developer
112,1493,Front-end Developer
113,1494,Software Architect
114,1495,DevOps Developer
115,1496,Data Engineer
116,1497,Software Engineer
117,1498,System Engineer
118,1499,Back-end Developer
119,1500,Web Developer
110,1501,System Engineer
111,1502,Front-end Developer
112,1503,Software Architect
113,1504,DevOps Developer
114,1505,Software Engineer
115,1506,Software Engineer
116,1507,Full Stack Developer
117,1508,Data Engineer
118,1509,Database Developer
119,1510,Software Engineer
110,1511,Data Analytic
111,1512,Web Developer
112,1513,Software Engineer
113,1514,Software Developer
114,1515,Web Developer
115,1516,System Engineer
116,1517,System Engineer
117,1518,Data Scientist
118,1519,Back-end Developer
119,1520,DevOps Developer
110,1521,Software Developer
111,1522,Data Scientist
112,1523,Software Developer
113,1524,Web Developer
114,1525,Data Scientist
115,1526,Back-end Developer
116,1527,Database Administrator
117,1528,DevOps Developer
118,1529,Full Stack Developer
119,1530,Software Engineer
110,1531,Software Architect
111,1532,Front-end Developer
112,1533,Full Stack Developer
113,1534,Web Developer
114,1535,Data Scientist
115,1536,Front-end Developer
116,1537,Front-end Developer
117,1538,Full Stack Developer
118,1539,Database Administrator
119,1540,Data Analytic
110,1541,System Engineer
111,1542,Web Developer
112,1543,Data Scientist
113,1544,Software Developer
114,1545,DevOps Developer
115,1546,Software Developer
116,1547,Back-end Developer
117,1548,System Engineer
118,1549,Software Architect
119,1550,Data Engineer
120,1551,Software Developer
121,1552,Data Analytic
122,1553,Software Developer
123,1554,Software Architect
124,1555,Data Engineer
125,1556,Front-end Developer
126,1557,Data Engineer
127,1558,Database Administrator
128,1559,Web Developer
129,1560,Full Stack Developer
120,1561,Front-end Developer
121,1562,Full Stack Developer
122,1563,Database Developer
123,1564,Database Administrator
124,1565,Front-end Developer
125,1566,Software Engineer
126,1567,Data Engineer
127,1568,Database Administrator
128,1569,Database Administrator
129,1570,Software Developer
120,1571,Software Architect
121,1572,System Engineer
122,1573,Web Developer
123,1574,Front-end Developer
124,1575,Front-end Developer
125,1576,Front-end Developer
126,1577,Database Administrator
127,1578,Front-end Developer
128,1579,Software Architect
129,1580,Software Engineer
120,1581,Software Engineer
121,1582,Full Stack Developer
122,1583,Data Scientist
123,1584,Software Engineer
124,1585,Software Engineer
125,1586,Data Analytic
126,1587,Software Engineer
127,1588,Back-end Developer
128,1589,Data Scientist
129,1590,Data Engineer
120,1591,System Engineer
121,1592,Web Developer
122,1593,Back-end Developer
123,1594,Front-end Developer
124,1595,Database Developer
125,1596,Web Developer
126,1597,Data Engineer
127,1598,Back-end Developer
128,1599,Software Engineer
129,1600,System Engineer
190,1601,DevOps Developer
191,1602,Data Engineer
192,1603,Data Scientist
193,1604,Software Engineer
194,1605,Full Stack Developer
190,1606,Database Developer
191,1607,Database Developer
192,1608,Data Engineer
193,1609,Back-end Developer
194,1610,Data Analytic
190,1611,Database Developer
191,1612,Full Stack Developer
192,1613,Full Stack Developer
193,1614,Data Analytic
194,1615,Full Stack Developer
190,1616,Software Architect
191,1617,Back-end Developer
192,1618,Software Architect
193,1619,Data Scientist
194,1620,Data Analytic
190,1621,Software Architect
191,1622,Web Developer
192,1623,Data Scientist
193,1624,DevOps Developer
194,1625,Software Developer
190,1626,DevOps Developer
191,1627,Data Analytic
192,1628,Database Developer
193,1629,Software Developer
194,1630,Full Stack Developer
190,1631,Data Engineer
191,1632,DevOps Developer
192,1633,System Engineer
193,1634,Data Scientist
194,1635,Web Developer
190,1636,Data Analytic
191,1637,Data Analytic
192,1638,Database Administrator
193,1639,Data Scientist
194,1640,System Engineer
190,1641,Software Engineer
191,1642,Back-end Developer
192,1643,Database Administrator
193,1644,Data Engineer
194,1645,Front-end Developer
190,1646,Full Stack Developer
191,1647,Software Developer
192,1648,DevOps Developer
193,1649,Software Engineer
194,1650,Database Administrator
190,1651,Data Analytic
191,1652,Database Developer
192,1653,Web Developer
193,1654,Software Developer
194,1655,Data Analytic
190,1656,Full Stack Developer
191,1657,Back-end Developer
192,1658,Database Administrator
193,1659,DevOps Developer
194,1660,Front-end Developer
